word,charcount,value
and,3,19
have,4,36
that,4,49
for,3,39
you,3,61
with,4,60
say,3,45
this,4,56
they,4,58
but,3,43
his,3,36
from,4,52
not,3,49
she,3,32
as,2,20
what,4,52
their,5,60
can,3,18
who,3,46
get,3,32
would,5,75
her,3,31
all,3,25
make,4,30
about,5,59
know,4,63
will,4,56
one,3,34
time,4,47
there,5,56
year,4,49
think,5,62
when,4,50
which,5,51
them,4,46
some,4,52
people,6,69
take,4,37
out,3,56
into,4,58
just,4,70
see,3,29
him,3,30
your,4,79
come,4,36
could,5,55
now,3,52
than,4,43
like,4,37
other,5,66
how,3,46
then,4,47
its,3,48
our,3,54
two,3,58
more,4,51
these,5,57
want,4,58
way,3,49
look,4,53
first,5,72
also,4,47
new,3,42
because,7,56
day,3,30
use,3,45
man,3,28
find,4,33
here,4,36
thing,5,58
give,4,43
many,4,53
well,4,52
only,4,66
those,5,67
tell,4,49
very,4,70
even,4,46
back,4,17
any,3,40
good,4,41
woman,5,66
through,7,97
life,4,32
child,5,36
work,4,67
down,4,56
may,3,39
after,5,50
should,6,79
call,4,28
world,5,72
over,4,60
school,6,72
still,5,72
try,3,63
last,4,52
ask,3,31
need,4,28
too,3,50
feel,4,28
three,5,56
state,5,65
never,5,64
become,6,43
between,7,74
high,4,32
really,6,73
something,9,110
most,4,67
another,7,81
much,4,45
family,6,66
own,3,52
leave,5,45
put,3,57
old,3,31
while,5,57
mean,4,33
keep,4,37
student,7,103
why,3,56
let,3,37
great,5,51
same,4,38
big,3,18
group,5,77
begin,5,37
seem,4,42
country,7,116
help,4,41
talk,4,44
where,5,59
turn,4,73
problem,7,81
every,5,75
start,5,78
hand,4,27
might,5,57
American,8,64
show,4,65
part,4,55
against,7,71
place,5,37
such,4,51
again,5,32
few,3,34
case,4,28
week,4,44
company,7,87
system,6,101
each,4,17
right,5,62
program,7,88
hear,4,32
question,8,120
during,6,73
play,4,54
government,10,133
run,3,53
small,5,57
number,6,73
off,3,27
always,6,81
move,4,55
night,5,58
live,4,48
Mr,2,31
point,5,74
believe,7,60
hold,4,39
today,5,65
bring,5,50
happen,6,60
next,4,63
without,7,116
before,6,51
large,5,43
million,7,84
must,4,73
home,4,41
under,5,62
water,5,67
room,4,61
write,5,75
mother,6,79
area,4,25
national,8,86
money,5,72
story,5,97
young,5,82
fact,4,30
month,5,70
different,9,87
lot,3,47
study,5,89
book,4,43
eye,3,35
job,3,27
word,4,60
though,6,79
business,8,108
issue,5,73
side,4,37
kind,4,38
four,4,60
head,4,18
far,3,25
black,5,29
long,4,48
both,4,45
little,6,78
house,5,68
yes,3,49
since,5,50
provide,7,89
service,7,81
around,6,73
friend,6,56
important,9,126
father,6,58
sit,3,48
away,4,50
until,5,76
power,5,77
hour,4,62
game,4,26
often,5,60
yet,3,50
line,4,40
political,9,97
end,3,23
among,5,50
ever,4,50
stand,5,58
bad,3,7
lose,4,51
however,7,96
member,6,56
pay,3,42
law,3,36
meet,4,43
car,3,22
city,4,57
almost,6,80
include,7,68
continue,8,101
set,3,44
later,5,56
community,9,133
name,4,33
five,4,42
once,4,37
white,5,65
least,5,57
president,9,110
learn,5,50
real,4,36
change,6,38
team,4,39
minute,6,82
best,4,46
several,7,82
idea,4,19
kid,3,24
body,4,46
information,11,134
nothing,7,87
ago,3,23
lead,4,22
social,6,59
understand,10,120
whether,7,87
watch,5,55
together,8,98
follow,6,83
parent,6,74
stop,4,70
face,4,15
anything,8,98
create,6,52
public,6,63
already,7,66
speak,5,52
others,6,85
read,4,28
level,5,56
allow,5,63
add,3,9
office,6,44
spend,5,58
door,4,52
health,6,54
person,6,87
art,3,39
sure,4,63
war,3,42
history,7,114
party,5,80
within,6,83
grow,4,63
result,6,95
open,4,50
morning,7,90
walk,4,47
reason,6,72
low,3,50
win,3,46
research,8,77
girl,4,46
guy,3,53
early,5,61
food,4,40
moment,6,80
himself,7,72
air,3,28
teacher,7,60
force,5,47
offer,5,50
enough,6,70
education,9,92
across,6,75
although,8,92
remember,8,79
foot,4,56
second,6,60
boy,3,42
maybe,5,46
toward,6,81
able,4,20
age,3,13
policy,6,80
everything,10,133
love,4,54
process,7,95
music,5,65
including,9,93
consider,8,87
appear,6,57
actually,8,95
buy,3,48
probably,8,91
human,5,57
wait,4,53
serve,5,69
market,6,68
die,3,18
send,4,42
expect,6,73
sense,5,62
build,5,48
stay,4,65
fall,4,31
oh,2,23
nation,6,73
plan,4,43
cut,3,44
college,7,59
interest,8,110
death,5,38
course,6,81
someone,7,86
experience,10,104
behind,6,42
reach,5,35
local,5,43
kill,4,44
six,3,52
remain,6,60
effect,6,45
yeah,4,39
suggest,7,98
class,5,54
control,7,97
raise,5,52
care,4,27
perhaps,7,83
late,4,38
hard,4,31
field,5,36
else,4,41
pass,4,55
former,6,75
sell,4,48
major,5,57
sometimes,9,118
require,7,93
along,5,49
development,11,131
themselves,10,128
report,6,92
role,4,50
better,6,70
economic,8,77
effort,6,70
decide,6,30
rate,4,44
strong,6,93
possible,8,97
heart,5,52
drug,4,50
leader,6,45
light,5,56
voice,5,54
wife,4,43
whole,5,63
police,6,60
mind,4,40
finally,7,79
pull,4,61
return,6,96
free,4,34
military,8,107
price,5,51
less,4,55
according,9,74
decision,8,78
explain,7,81
son,3,48
hope,4,44
develop,7,79
view,4,59
relationship,12,146
carry,5,65
town,4,72
road,4,38
drive,5,58
arm,3,32
TRUE,4,64
federal,7,51
break,5,37
difference,10,75
thank,5,54
receive,7,67
value,5,61
international,13,152
building,8,78
action,6,62
full,4,51
model,5,49
join,4,48
season,6,73
society,7,96
tax,3,45
director,8,92
position,8,117
player,6,77
agree,5,36
especially,10,107
record,6,63
pick,4,39
wear,4,47
paper,5,56
special,7,65
space,5,44
ground,6,79
form,4,52
support,7,125
event,5,66
official,8,61
whose,5,70
matter,6,77
everyone,8,109
center,6,65
couple,6,72
site,4,53
project,7,87
hit,3,37
base,4,27
activity,8,109
star,4,58
table,5,40
court,5,77
produce,7,82
eat,3,26
teach,5,37
oil,3,36
half,4,27
situation,9,128
easy,4,50
cost,4,57
industry,8,130
figure,6,66
street,6,87
image,5,35
itself,6,71
phone,5,58
either,6,65
data,4,26
cover,5,63
quite,5,72
picture,7,92
clear,5,39
practice,8,75
piece,5,38
land,4,31
recent,6,65
describe,8,65
product,7,97
doctor,6,75
wall,4,48
patient,7,85
worker,6,90
news,4,61
test,4,64
movie,5,64
certain,7,70
north,5,75
personal,8,100
simply,6,94
third,5,59
technology,10,124
catch,5,35
step,4,60
baby,4,30
computer,8,111
type,4,66
attention,9,118
draw,4,46
film,4,40
Republican,10,101
tree,4,48
source,6,81
red,3,27
nearly,6,75
organization,12,149
choose,6,65
cause,5,49
hair,4,36
century,7,106
evidence,8,67
window,6,88
difficult,9,90
listen,6,79
soon,4,63
culture,7,100
billion,7,73
chance,6,34
brother,7,86
energy,6,74
period,6,67
summer,6,89
realize,7,76
hundred,7,74
available,9,65
plant,5,63
likely,6,74
opportunity,11,189
term,4,56
short,5,80
letter,6,80
condition,9,103
choice,6,43
single,6,66
rule,4,56
daughter,8,84
administration,14,166
south,5,83
husband,7,69
Congress,8,100
floor,5,66
campaign,8,64
material,8,79
population,10,139
economy,7,90
medical,7,47
hospital,8,100
church,6,61
close,5,54
thousand,8,102
risk,4,57
current,7,99
fire,4,38
future,6,91
wrong,5,77
involve,7,99
defense,7,58
anyone,6,74
increase,8,74
security,8,120
bank,4,28
myself,6,80
certainly,9,107
west,4,67
sport,5,88
board,5,40
seek,4,40
per,3,39
subject,7,80
officer,7,62
private,7,91
rest,4,62
behavior,8,80
deal,4,22
performance,11,114
fight,5,50
throw,5,84
top,3,51
quickly,7,98
past,4,56
goal,4,35
bed,3,11
order,5,60
author,6,83
fill,4,39
represent,9,120
focus,5,64
foreign,7,74
drop,4,53
blood,5,48
upon,4,66
agency,6,55
push,4,64
nature,6,79
color,5,63
recently,8,102
store,5,77
reduce,6,56
sound,5,73
note,4,54
fine,4,34
near,4,38
movement,8,107
page,4,29
enter,5,62
share,5,51
common,6,73
poor,4,64
natural,7,87
race,4,27
concern,7,72
series,6,75
significant,11,111
similar,7,81
hot,3,43
language,8,68
usually,7,111
response,8,111
dead,4,14
rise,4,51
animal,6,50
factor,6,63
decade,6,22
article,7,68
shoot,5,77
east,4,45
save,4,47
seven,5,65
artist,6,87
scene,5,46
stock,5,68
career,6,50
despite,7,78
central,7,73
eight,5,49
thus,4,68
treatment,9,116
beyond,6,65
happy,5,66
exactly,7,90
protect,7,97
approach,8,78
lie,3,26
size,4,59
dog,3,26
fund,4,45
serious,7,106
occur,5,60
media,5,32
ready,5,53
sign,4,49
thought,7,99
list,4,60
individual,10,105
simple,6,74
quality,7,105
pressure,8,121
accept,6,48
answer,6,80
resource,8,104
identify,8,92
left,4,43
meeting,7,73
determine,9,93
prepare,7,79
disease,7,62
whatever,8,102
success,7,89
argue,5,52
cup,3,40
particularly,12,156
amount,6,84
ability,7,78
staff,5,52
recognize,9,102
indicate,8,65
character,9,77
growth,6,91
loss,4,65
degree,6,44
wonder,6,79
attack,6,56
herself,7,73
region,6,68
television,10,130
box,3,41
TV,2,42
training,8,92
pretty,6,104
trade,5,48
election,8,83
everybody,9,121
physical,8,93
lay,3,38
general,7,62
feeling,7,58
standard,8,81
bill,4,35
message,7,69
fail,4,28
outside,7,93
arrive,6,73
analysis,8,100
benefit,7,61
sex,3,48
forward,7,85
lawyer,6,84
present,7,97
section,7,85
environmental,13,162
glass,5,58
skill,5,63
sister,6,90
PM,2,29
professor,9,131
operation,9,113
financial,9,69
crime,5,48
stage,5,52
ok,2,26
compare,7,71
authority,9,137
miss,4,60
design,6,58
sort,4,72
act,3,24
ten,3,39
knowledge,9,96
gun,3,42
station,7,98
blue,4,40
strategy,8,115
clearly,7,76
discuss,7,94
indeed,6,41
truth,5,87
song,4,55
example,7,76
democratic,10,91
check,5,30
environment,11,149
leg,3,24
dark,4,34
various,7,105
rather,6,70
laugh,5,49
guess,5,71
executive,9,114
prove,5,76
hang,4,30
entire,6,71
rock,4,47
forget,6,71
claim,5,38
remove,6,78
manager,7,59
enjoy,5,69
network,7,106
legal,5,37
religious,9,115
cold,4,34
final,5,42
main,4,37
science,7,58
green,5,49
memory,6,89
card,4,26
above,5,45
seat,4,45
cell,4,32
establish,9,95
nice,4,31
trial,5,60
expert,6,88
spring,6,83
firm,4,46
Democrat,8,79
radio,5,47
visit,5,79
management,10,93
avoid,5,51
imagine,7,58
tonight,7,93
huge,4,41
ball,4,27
finish,6,65
yourself,8,121
theory,6,91
impact,6,62
respond,7,91
statement,9,117
maintain,8,81
charge,6,42
popular,7,99
traditional,11,123
onto,4,64
reveal,6,63
direction,9,97
weapon,6,74
employee,8,96
cultural,8,108
contain,7,76
peace,5,30
pain,4,40
apply,5,70
measure,7,82
wide,4,41
shake,5,44
fly,3,43
interview,9,125
manage,6,41
chair,5,39
fish,4,42
particular,10,119
camera,6,41
structure,9,145
politics,8,103
perform,7,91
bit,3,31
weight,6,72
suddenly,8,104
discover,8,95
candidate,9,61
production,10,135
treat,5,64
trip,4,63
evening,7,76
affect,6,41
inside,6,60
conference,10,88
unit,4,64
style,5,81
adult,5,58
worry,5,99
range,5,45
mention,7,90
deep,4,30
edge,4,21
specific,8,70
writer,6,93
trouble,7,93
necessary,9,109
throughout,10,153
challenge,9,67
fear,4,30
shoulder,8,102
institution,11,170
middle,6,47
sea,3,25
dream,5,41
bar,3,21
beautiful,9,97
property,8,133
instead,7,72
improve,7,98
stuff,5,72
detail,6,51
method,6,65
somebody,8,98
magazine,8,76
hotel,5,60
soldier,7,82
reflect,7,69
heavy,5,61
sexual,6,82
bag,3,10
heat,4,34
marriage,8,72
tough,5,71
sing,4,49
surface,7,73
purpose,7,110
exist,5,77
pattern,7,94
whom,4,59
skin,4,53
agent,5,47
owner,5,75
machine,7,53
gas,3,27
ahead,5,19
generation,10,108
commercial,10,92
address,7,70
cancer,6,44
item,4,47
reality,7,90
coach,5,30
Mrs,3,50
yard,4,48
beat,4,28
violence,8,85
total,5,68
tend,4,43
investment,10,141
discussion,10,132
finger,6,59
garden,6,49
notice,6,66
collection,10,108
modern,6,69
task,4,51
partner,7,92
positive,8,115
civil,5,55
kitchen,7,70
consumer,8,108
shot,4,62
budget,6,59
wish,4,59
painting,8,90
scientist,9,118
safe,4,31
agreement,9,88
capital,7,62
mouth,5,77
nor,3,47
victim,6,76
newspaper,9,117
threat,6,72
responsibility,14,192
smile,5,58
attorney,8,118
score,5,60
account,7,77
interesting,11,140
audience,8,62
rich,4,38
dinner,6,64
vote,4,62
western,7,104
relate,6,61
travel,6,78
debate,6,37
prevent,7,100
citizen,7,86
majority,8,111
none,4,48
front,5,73
born,4,49
admit,5,47
senior,6,80
assume,6,78
wind,4,50
key,3,41
professional,12,149
mission,7,98
fast,4,46
alone,5,47
customer,8,114
suffer,6,75
speech,6,56
successful,10,128
option,6,89
participant,11,127
southern,8,120
fresh,5,56
eventually,10,137
forest,6,83
video,5,55
global,6,49
Senate,6,64
reform,6,75
access,6,50
restaurant,10,137
judge,5,47
publish,7,87
relation,8,94
release,7,65
bird,4,33
opinion,7,92
credit,6,59
critical,8,75
corner,6,73
concerned,9,81
recall,6,51
version,7,102
stare,5,63
safety,6,76
effective,9,81
neighborhood,12,120
original,8,85
troop,5,84
income,6,59
directly,8,96
hurt,4,67
species,7,76
immediately,11,116
track,5,53
basic,5,34
strike,6,82
sky,3,55
freedom,7,66
absolutely,10,132
plane,5,48
nobody,6,75
achieve,7,53
object,6,55
attitude,8,100
labor,5,48
refer,5,52
concept,7,76
client,6,63
powerful,8,116
perfect,7,73
nine,4,42
therefore,9,100
conduct,7,80
announce,8,87
conversation,12,155
examine,7,71
touch,5,67
please,6,58
attend,6,64
completely,10,126
variety,7,100
sleep,5,57
involved,8,103
investigation,13,164
nuclear,7,74
researcher,10,100
press,5,77
conflict,8,82
spirit,6,91
replace,7,60
British,7,85
encourage,9,89
argument,8,99
camp,4,33
brain,5,44
feature,7,76
afternoon,9,108
AM,2,14
weekend,7,67
dozen,5,64
possibility,11,155
insurance,9,104
department,10,116
battle,6,60
beginning,9,81
date,4,30
generally,9,99
African,7,52
sorry,5,95
crisis,6,77
complete,8,89
fan,3,21
stick,5,62
define,6,43
easily,6,71
hole,4,40
element,7,74
vision,6,88
status,6,100
normal,6,73
Chinese,7,63
ship,4,52
solution,8,125
stone,5,73
slowly,6,106
scale,5,40
university,10,162
introduce,9,109
driver,6,76
attempt,7,95
park,4,46
spot,4,70
lack,4,27
ice,3,17
boat,4,38
drink,5,56
sun,3,54
distance,8,75
wood,4,57
handle,6,44
truck,5,73
mountain,8,107
survey,6,110
supposed,8,115
tradition,9,110
winter,6,89
village,7,68
Soviet,6,90
refuse,6,74
sales,5,56
roll,4,57
communication,13,150
screen,6,64
gain,4,31
resident,8,94
hide,4,26
gold,4,38
club,4,38
farm,4,38
potential,9,112
European,8,95
presence,8,85
independent,11,110
district,8,102
shape,5,49
reader,6,51
Ms,2,32
contract,8,94
crowd,5,63
Christian,9,101
express,7,106
apartment,9,108
willing,7,86
strength,8,111
previous,8,125
band,4,21
obviously,9,140
horse,5,65
interested,10,119
target,6,71
prison,6,91
ride,4,36
guard,5,51
terms,5,75
demand,6,41
reporter,8,115
deliver,7,75
text,4,69
tool,4,62
wild,4,48
vehicle,7,64
observe,7,86
flight,6,62
facility,8,85
understanding,13,150
average,7,59
emerge,6,53
advantage,9,75
quick,5,61
leadership,10,97
earn,4,38
pound,5,70
basis,5,50
bright,6,64
operate,7,80
guest,5,72
sample,6,66
contribute,10,127
tiny,4,68
block,5,43
protection,10,135
settle,6,81
feed,4,20
collect,7,70
additional,10,89
highly,6,69
identity,8,106
title,5,66
mostly,6,104
lesson,6,84
faith,5,44
river,5,72
promote,7,102
living,6,73
count,5,73
unless,6,90
marry,5,75
tomorrow,8,137
technique,9,102
path,4,45
ear,3,24
shop,4,58
folk,4,44
principle,9,102
survive,7,116
lift,4,47
border,6,62
competition,11,139
jump,4,60
gather,6,59
limit,5,63
fit,3,35
cry,3,46
equipment,9,120
worth,5,84
associate,9,92
critic,6,62
warm,4,55
aspect,6,64
insist,6,90
failure,7,72
annual,6,63
French,6,54
Christmas,9,110
comment,7,83
responsible,11,134
affair,6,41
procedure,9,105
regular,7,82
spread,6,63
chairman,8,67
baseball,8,54
soft,4,60
ignore,6,68
egg,3,19
belief,6,39
demonstrate,11,134
anybody,7,86
murder,6,79
gift,4,42
religion,8,89
review,6,82
editor,6,71
engage,6,39
coffee,6,40
document,8,95
speed,5,49
cross,5,74
influence,9,89
anyway,6,89
threaten,8,91
commit,6,73
female,6,42
youth,5,89
wave,4,51
afraid,6,39
quarter,7,100
background,10,96
native,6,71
broad,5,40
wonderful,9,118
deny,4,48
apparently,10,128
slightly,8,112
reaction,8,85
twice,5,60
suit,4,69
perspective,11,138
growing,7,93
blow,4,52
construction,12,171
intelligence,12,115
destroy,7,106
cook,4,44
connection,10,112
burn,4,55
shoe,4,47
grade,5,35
context,7,101
committee,9,103
hey,3,38
mistake,7,78
location,8,89
clothes,7,82
Indian,6,51
quiet,5,72
dress,5,65
promise,7,95
aware,5,48
neighbor,8,78
function,8,102
bone,4,36
active,6,60
extend,6,72
chief,5,31
combine,7,61
wine,4,51
below,5,57
cool,4,45
voter,5,80
learning,8,80
bus,3,42
hell,4,37
dangerous,9,104
remind,6,63
moral,5,59
United,6,73
category,8,94
relatively,10,129
victory,7,112
academic,8,39
Internet,8,105
healthy,7,79
negative,8,83
following,9,113
historical,10,114
medicine,8,62
tour,4,74
depend,6,48
photo,5,74
finding,7,63
grab,4,28
direct,6,59
classroom,9,115
contact,7,76
justice,7,87
participate,11,118
daily,5,51
fair,4,34
pair,4,44
famous,6,75
exercise,8,88
knee,4,35
flower,6,79
tape,4,42
hire,4,40
familiar,8,69
appropriate,11,135
supply,6,109
fully,5,76
actor,5,57
birth,5,57
search,6,54
tie,3,34
democracy,9,87
eastern,7,82
primary,7,100
yesterday,9,122
circle,6,50
device,6,48
progress,8,117
bottom,6,85
island,6,59
exchange,8,67
clean,5,35
studio,6,88
train,5,62
lady,4,42
colleague,9,81
application,11,116
neck,4,33
lean,4,32
damage,6,31
plastic,7,80
tall,4,45
plate,5,54
hate,4,34
otherwise,9,122
writing,7,100
male,4,31
alive,5,49
expression,10,144
football,8,83
intend,6,66
chicken,7,53
army,4,57
abuse,5,48
theater,7,77
shut,4,68
map,3,30
extra,5,68
session,7,100
danger,6,49
welcome,7,76
domestic,8,88
lots,4,66
literature,10,129
rain,4,42
desire,6,60
assessment,10,134
injury,6,97
respect,7,86
northern,8,112
nod,3,33
paint,5,60
fuel,4,44
leaf,4,24
dry,3,47
Russian,7,101
instruction,11,162
pool,4,58
climb,5,39
sweet,5,72
engine,6,54
fourth,6,88
salt,4,52
expand,6,64
importance,10,114
metal,5,51
fat,3,27
ticket,6,68
software,8,107
disappear,9,89
corporate,9,111
strange,7,84
lip,3,37
reading,7,58
urban,5,56
mental,6,65
increasingly,12,136
lunch,5,58
educational,11,105
somewhere,9,111
farmer,6,61
sugar,5,66
planet,6,68
favorite,8,96
explore,7,95
obtain,6,61
enemy,5,62
greatest,8,95
complex,7,88
surround,8,130
athlete,7,71
invite,6,79
repeat,6,65
carefully,9,103
soul,4,67
scientific,10,97
impossible,10,119
panel,5,48
meaning,7,63
mom,3,41
married,7,68
instrument,10,153
predict,7,75
weather,7,80
presidential,12,132
emotional,9,104
commitment,10,125
Supreme,7,97
bear,4,26
pocket,6,70
thin,4,51
temperature,11,142
surprise,8,125
poll,4,55
proposal,8,112
consequence,11,121
breath,6,54
sight,5,63
balance,7,38
adopt,5,56
minority,8,123
straight,8,102
connect,7,74
works,5,86
teaching,8,67
belong,6,55
aid,3,14
advice,6,44
okay,4,52
photograph,10,124
empty,5,79
regional,8,81
trail,5,60
novel,5,68
code,4,27
somehow,7,98
organize,8,95
jury,4,74
breast,6,65
Iraqi,5,54
acknowledge,11,100
theme,5,51
storm,5,85
union,5,73
desk,4,39
thanks,6,73
fruit,5,74
expensive,9,119
yellow,6,92
conclusion,10,125
prime,5,61
shadow,6,70
struggle,8,109
conclude,8,77
analyst,7,92
dance,5,27
regulation,10,122
being,5,37
ring,4,48
largely,7,80
shift,5,62
revenue,7,90
mark,4,43
locate,6,56
county,6,98
appearance,10,80
package,7,44
difficulty,10,115
bridge,6,45
recommend,9,90
obvious,7,103
basically,9,84
e-mail,6,40
generate,8,75
anymore,7,91
propose,7,104
thinking,8,92
possibly,8,117
trend,5,61
visitor,7,112
loan,4,42
currently,9,136
comfortable,11,110
investor,8,122
profit,6,84
angry,5,65
crew,4,49
accident,8,59
meal,4,31
hearing,7,62
traffic,7,63
muscle,6,73
notion,6,87
capture,7,84
prefer,6,68
truly,5,96
earth,5,52
Japanese,8,71
chest,5,55
thick,5,51
cash,4,31
museum,6,92
beauty,6,74
emergency,9,95
unique,6,87
internal,8,93
ethnic,6,59
link,4,46
stress,6,100
content,7,91
select,6,64
root,4,68
nose,4,53
declare,7,48
appreciate,10,94
actual,6,58
bottle,6,74
hardly,6,68
setting,7,94
launch,6,59
file,4,32
sick,4,42
outcome,7,92
ad,2,5
defend,6,38
duty,4,70
sheet,5,57
ought,5,71
ensure,6,82
Catholic,8,71
extremely,9,127
extent,6,88
component,9,115
mix,3,46
long-term,9,104
slow,4,69
contrast,8,110
zone,4,60
wake,4,40
airport,7,97
brown,5,72
shirt,5,74
pilot,5,72
warn,4,56
ultimately,10,138
cat,3,24
contribution,12,160
capacity,8,78
ourselves,9,136
estate,6,70
guide,5,46
circumstance,12,129
snow,4,71
English,7,74
politician,10,108
steal,5,57
pursue,6,100
slip,4,56
percentage,10,94
meat,4,39
funny,5,80
neither,7,79
soil,4,55
surgery,7,113
correct,7,82
Jewish,6,74
blame,5,33
estimate,8,92
due,3,30
basketball,10,85
golf,4,40
investigate,11,131
crazy,5,73
significantly,13,148
chain,5,35
branch,6,46
combination,11,115
frequently,10,143
governor,8,114
relief,6,55
user,4,63
dad,3,9
kick,4,34
manner,6,65
ancient,7,66
silence,7,67
rating,6,69
golden,6,57
motion,6,86
German,6,58
gender,6,53
solve,5,73
fee,3,16
landscape,9,75
used,4,49
bowl,4,52
equal,5,56
forth,5,67
frame,5,43
typical,7,86
except,6,73
conservative,12,153
eliminate,9,88
host,4,62
hall,4,33
trust,5,98
ocean,5,38
row,3,56
producer,8,100
afford,6,50
meanwhile,9,90
regime,6,57
division,8,101
confirm,7,78
fix,3,39
appeal,6,51
mirror,6,91
tooth,5,78
smart,5,71
length,6,66
entirely,8,108
rely,4,60
topic,5,63
complain,8,83
variable,8,70
telephone,9,100
perception,10,121
attract,7,83
confidence,10,78
bedroom,7,72
secret,6,70
debt,4,31
rare,4,42
tank,4,46
nurse,5,77
coverage,8,76
opposition,10,148
aside,5,38
anywhere,8,99
bond,4,35
pleasure,8,97
master,6,76
era,3,24
requirement,11,145
fun,3,41
expectation,11,132
wing,4,53
separate,8,85
somewhat,8,104
pour,4,70
stir,4,66
judgment,8,94
beer,4,30
reference,9,79
tear,4,44
doubt,5,62
grant,5,60
seriously,9,143
minister,8,107
totally,7,105
hero,4,46
industrial,10,127
cloud,5,55
stretch,7,93
winner,6,83
volume,6,88
seed,4,33
surprised,9,129
fashion,7,72
pepper,6,76
busy,4,67
intervention,12,165
copy,4,59
tip,3,45
cheap,5,33
aim,3,23
cite,4,37
welfare,7,70
vegetable,9,79
gray,4,51
dish,4,40
beach,5,19
improvement,11,150
everywhere,10,134
opening,7,80
overall,7,85
divide,6,53
initial,7,74
terrible,8,89
oppose,6,86
contemporary,12,163
route,5,79
multiple,8,108
essential,9,104
league,6,51
criminal,8,79
careful,7,66
core,4,41
upper,5,76
rush,4,66
necessarily,11,130
specifically,12,120
tired,5,56
employ,6,86
holiday,7,74
vast,4,62
resolution,10,148
household,9,107
fewer,5,57
abortion,8,94
apart,5,56
witness,7,109
match,5,45
barely,6,63
sector,6,80
representative,14,177
beneath,7,55
beside,6,44
incident,8,78
limited,7,72
proud,5,74
flow,4,56
faculty,7,88
increased,9,78
waste,5,68
merely,6,78
mass,4,52
emphasize,9,102
experiment,10,129
definitely,10,109
bomb,4,32
enormous,8,120
tone,4,54
liberal,7,59
massive,7,88
engineer,8,77
wheel,5,53
decline,7,52
invest,6,89
cable,5,23
towards,7,100
expose,6,84
rural,5,70
AIDS,4,33
Jew,3,38
narrow,6,89
cream,5,40
secretary,9,114
gate,4,33
solid,5,59
hill,4,41
typically,9,123
noise,5,62
grass,5,64
unfortunately,13,192
hat,3,29
legislation,11,123
succeed,7,60
celebrate,9,71
achievement,11,105
fishing,7,72
accuse,6,52
useful,6,84
reject,6,61
talent,6,72
taste,5,65
characteristic,14,137
milk,4,45
escape,6,49
cast,4,43
sentence,8,85
unusual,7,109
closely,7,91
convince,8,85
height,6,57
physician,9,104
assess,6,82
plenty,6,92
virtually,9,140
addition,8,76
sharp,5,62
creative,8,83
lower,5,73
approve,7,93
explanation,11,131
gay,3,33
campus,6,73
proper,6,88
guilty,6,94
acquire,7,74
compete,7,77
technical,9,75
plus,4,68
immigrant,9,104
weak,4,40
illegal,7,58
hi,2,17
alternative,11,127
interaction,11,128
column,6,78
personality,11,154
signal,6,62
curriculum,10,139
honor,5,70
passenger,9,104
assistance,10,110
forever,7,89
regard,6,53
Israeli,7,73
association,11,125
twenty,6,107
knock,5,54
wrap,4,58
lab,3,15
display,7,86
criticism,9,103
asset,5,64
depression,10,124
spiritual,9,125
musical,7,78
journalist,10,139
prayer,6,83
suspect,7,103
scholar,7,76
warning,7,86
climate,7,63
cheese,6,45
observation,11,140
childhood,9,78
payment,7,94
sir,3,46
permit,6,81
cigarette,9,88
definition,10,105
priority,8,130
bread,5,30
creation,8,85
graduate,8,77
request,7,105
emotion,7,91
scream,6,59
dramatic,8,69
universe,8,113
gap,3,24
excellent,9,100
deeply,6,67
prosecutor,10,150
lucky,5,72
drag,4,30
airline,7,68
library,7,85
agenda,6,32
recover,7,86
factory,7,88
selection,9,102
primarily,9,121
roof,4,54
unable,6,55
expense,7,88
initiative,10,118
diet,4,38
arrest,6,81
funding,7,75
therapy,7,93
wash,4,51
schedule,8,77
sad,3,24
brief,5,40
housing,7,93
post,4,70
purchase,8,91
existing,8,107
steel,5,61
regarding,9,83
shout,5,83
remaining,9,90
visual,6,84
fairly,6,71
chip,4,36
violent,7,97
silent,6,79
suppose,7,111
self,4,42
bike,4,27
tea,3,26
perceive,8,83
comparison,10,123
settlement,10,133
layer,5,61
planning,8,87
description,11,132
slide,5,49
widely,6,78
wedding,7,66
inform,6,75
portion,7,107
territory,9,148
immediate,9,79
opponent,8,115
abandon,7,51
lake,4,29
transform,9,124
tension,7,96
leading,7,52
bother,6,68
consist,7,99
alcohol,7,66
enable,6,39
bend,4,25
saving,6,72
desert,6,71
shall,5,52
error,5,74
cop,3,34
Arab,4,22
double,6,59
sand,4,38
Spanish,7,86
print,5,77
preserve,8,108
passage,7,68
formal,6,65
transition,10,139
existence,9,104
album,5,49
participation,13,151
arrange,7,64
atmosphere,10,120
joint,5,68
reply,5,76
cycle,5,48
opposite,8,115
lock,4,41
deserve,7,78
consistent,10,138
resistance,10,113
discovery,9,120
exposure,8,123
pose,4,55
stream,6,76
sale,4,37
pot,3,51
grand,5,44
mine,4,41
hello,5,52
coalition,9,98
tale,4,38
knife,5,45
resolve,7,96
racial,6,44
phase,5,49
joke,4,41
coat,4,39
Mexican,7,69
symptom,7,121
manufacturer,12,141
philosophy,10,143
potato,6,87
foundation,10,119
quote,5,78
online,6,69
negotiation,11,129
urge,4,51
occasion,8,79
dust,4,64
breathe,7,59
elect,5,45
investigator,12,159
jacket,6,50
glad,4,24
ordinary,8,104
reduction,9,109
rarely,6,79
pack,4,31
suicide,7,70
numerous,8,126
substance,9,104
discipline,10,100
elsewhere,9,100
iron,4,56
practical,9,83
moreover,8,111
passion,7,93
volunteer,9,132
implement,9,107
essentially,11,141
gene,4,31
enforcement,11,118
vs,2,41
sauce,5,49
independence,12,98
marketing,9,98
priest,6,87
amazing,7,71
intense,7,86
advance,7,50
employer,8,109
shock,5,56
inspire,7,90
adjust,6,75
retire,6,75
visible,7,78
kiss,4,58
illness,7,90
cap,3,20
habit,5,40
competitive,11,137
juice,5,48
congressional,13,151
involvement,11,151
dominate,8,81
previously,10,162
whenever,8,100
transfer,8,101
analyze,7,84
attach,6,53
disaster,8,95
parking,7,76
prospect,8,112
boss,4,55
complaint,9,103
championship,12,131
fundamental,11,111
severe,6,74
enhance,7,50
mystery,7,125
impose,6,77
poverty,7,121
entry,5,82
spending,8,88
king,4,41
evaluate,8,87
symbol,6,86
maker,5,48
mood,4,47
accomplish,10,99
emphasis,8,90
illustrate,10,137
boot,4,52
monitor,7,104
Asian,5,44
entertainment,13,158
bean,4,22
evaluation,10,120
creature,8,91
commander,9,86
digital,7,62
arrangement,11,116
concentrate,11,118
usual,5,74
anger,5,45
psychological,13,145
heavily,7,82
peak,4,33
approximately,13,175
increasing,10,99
disorder,8,92
missile,7,86
equally,7,93
vary,4,66
wire,4,55
round,5,72
distribution,12,160
transportation,14,200
holy,4,60
twin,4,66
command,7,63
commission,10,129
interpretation,14,184
breakfast,9,83
strongly,8,130
engineering,11,107
luck,4,47
so-called,9,71
constant,8,106
clinic,6,50
veteran,7,85
smell,5,61
tablespoon,10,119
capable,7,40
nervous,7,114
tourist,7,122
toss,4,73
crucial,7,67
bury,4,66
pray,4,60
tomato,6,84
exception,9,111
butter,6,86
deficit,7,56
bathroom,8,92
objective,9,91
electronic,10,104
ally,4,50
journey,7,108
reputation,10,139
mixture,7,110
surely,6,100
tower,5,81
smoke,5,63
confront,8,105
pure,4,60
glance,6,42
dimension,9,102
toy,3,60
prisoner,8,114
fellow,6,73
smooth,6,90
nearby,6,65
peer,4,44
designer,8,81
personnel,9,118
educator,8,87
relative,8,92
immigration,11,128
belt,4,39
teaspoon,8,105
birthday,8,87
implication,11,121
perfectly,9,110
coast,5,58
supporter,9,148
accompany,9,91
silver,6,85
teenager,8,75
recognition,11,129
retirement,10,127
flag,4,26
recovery,8,111
whisper,7,98
gentleman,9,91
corn,4,50
moon,4,57
inner,5,60
junior,6,87
throat,6,82
salary,6,76
swing,5,72
observer,8,104
publication,11,122
crop,4,52
dig,3,20
permanent,9,106
phenomenon,10,119
anxiety,7,98
unlike,6,72
wet,3,48
literally,9,114
resist,6,90
convention,10,131
embrace,7,47
assist,6,87
exhibition,10,115
construct,9,133
viewer,6,82
pan,3,31
consultant,10,139
administrator,13,161
occasionally,12,129
mayor,5,72
consideration,13,146
CEO,3,23
secure,6,71
pink,4,50
buck,4,37
historic,8,101
poem,4,49
grandmother,11,123
bind,4,29
fifth,5,49
constantly,10,143
enterprise,10,129
favor,5,62
testing,7,94
stomach,7,79
apparent,8,91
weigh,5,52
install,7,87
sensitive,9,122
suggestion,10,136
mail,4,35
recipe,6,56
reasonable,10,92
preparation,11,133
wooden,6,76
elementary,10,118
concert,7,78
aggressive,10,112
FALSE,5,43
intention,9,120
channel,7,57
extreme,7,90
tube,4,48
drawing,7,76
protein,7,97
quit,4,67
absence,7,49
Latin,5,56
rapidly,7,85
jail,4,32
diversity,9,131
honest,6,81
Palestinian,11,120
pace,4,25
employment,10,138
speaker,7,75
impression,10,137
essay,5,69
respondent,10,130
giant,5,51
cake,4,20
historian,9,113
negotiate,9,96
restore,7,100
substantial,11,138
pop,3,47
specialist,10,113
origin,6,72
approval,8,101
quietly,7,109
advise,6,60
conventional,12,144
depth,5,53
wealth,6,69
disability,10,110
shell,5,56
criticize,9,102
effectively,11,118
biological,10,85
onion,5,67
deputy,6,91
flat,4,39
brand,5,39
assure,6,83
mad,3,18
award,5,47
criteria,8,83
dealer,6,45
via,3,32
utility,7,116
precisely,9,112
arise,5,52
armed,5,41
nevertheless,12,152
highway,7,81
clinical,8,63
routine,7,102
wage,4,36
normally,8,110
phrase,6,67
ingredient,10,105
stake,5,56
Muslim,6,87
fiber,5,40
activist,8,103
Islamic,7,66
snap,4,50
terrorism,9,135
refugee,7,67
incorporate,11,134
hip,3,33
ultimate,8,101
switch,6,82
corporation,11,144
valuable,8,76
assumption,10,147
gear,4,31
barrier,7,71
minor,5,69
provision,9,137
killer,6,67
assign,6,69
gang,4,29
developing,10,109
classic,7,66
chemical,8,54
label,5,32
teen,4,44
index,5,56
vacation,8,85
advocate,8,71
draft,5,49
extraordinary,13,172
heaven,6,55
rough,5,69
yell,4,54
pregnant,8,95
distant,7,87
drama,5,37
satellite,9,103
personally,10,137
clock,5,44
chocolate,9,82
Italian,7,66
Canadian,8,47
ceiling,7,59
sweep,5,68
advertising,11,128
universal,9,121
spin,4,58
button,6,92
bell,4,31
rank,4,44
darkness,8,91
clothing,8,88
super,5,79
yield,5,55
fence,5,33
portrait,8,117
survival,8,124
roughly,7,106
lawsuit,7,105
testimony,9,140
bunch,5,48
found,5,60
burden,6,64
react,5,47
chamber,7,50
furniture,9,132
cooperation,11,131
string,6,87
ceremony,8,98
communicate,11,117
cheek,5,32
lost,4,66
profile,7,81
mechanism,9,85
disagree,8,68
penalty,7,93
ie,2,14
resort,6,95
destruction,11,148
unlikely,8,109
tissue,6,93
constitutional,14,192
pant,4,51
stranger,8,102
infection,9,95
cabinet,7,54
broken,6,65
apple,5,50
electric,8,75
proceed,7,66
bet,3,27
literary,8,108
virus,5,89
stupid,6,89
dispute,7,94
fortune,7,99
strategic,9,102
assistant,9,122
overcome,8,96
remarkable,10,86
occupy,6,83
statistics,10,139
shopping,8,104
cousin,6,81
encounter,9,115
wipe,4,53
initially,9,111
blind,5,41
port,4,69
electricity,11,129
genetic,7,63
adviser,7,78
spokesman,9,113
retain,6,67
latter,6,76
incentive,9,101
slave,5,59
translate,9,110
accurate,8,72
whereas,7,79
terror,6,94
expansion,9,117
elite,5,51
Olympic,7,93
dirt,4,51
odd,3,23
rice,4,35
bullet,6,72
tight,5,64
Bible,5,30
chart,5,50
solar,5,65
square,6,81
concentration,13,151
complicated,11,101
gently,6,83
champion,8,79
scenario,8,84
telescope,9,100
reflection,10,107
revolution,10,151
strip,5,82
interpret,9,125
friendly,8,93
tournament,10,141
fiction,7,76
detect,6,57
tremendous,10,134
lifetime,8,79
recommendation,14,149
senator,7,92
hunting,7,93
salad,5,37
guarantee,9,92
innocent,8,94
boundary,8,100
pause,5,62
remote,6,76
satisfaction,12,136
journal,7,91
bench,5,32
lover,5,72
raw,3,42
awareness,9,105
surprising,10,150
withdraw,8,106
deck,4,23
similarly,9,118
newly,5,79
pole,4,48
testify,7,104
mode,4,37
dialogue,8,74
imply,5,75
naturally,9,124
mutual,6,88
founder,7,83
advanced,8,54
pride,5,52
dismiss,7,92
aircraft,8,76
delivery,8,100
mainly,6,74
bake,4,19
freeze,6,65
platform,8,101
finance,7,52
sink,4,53
attractive,10,119
diverse,7,82
relevant,8,97
ideal,5,31
joy,3,50
regularly,9,119
working,7,97
singer,6,72
evolve,6,81
shooting,8,107
partly,6,92
unknown,7,112
offense,7,70
counter,7,96
DNA,3,19
potentially,11,149
thirty,6,100
justify,7,110
protest,7,113
crash,5,49
craft,5,48
treaty,6,89
terrorist,9,142
insight,7,86
possess,7,112
politically,11,134
tap,3,37
extensive,9,123
episode,7,73
swim,4,64
tire,4,52
fault,5,60
loose,5,66
shortly,7,117
originally,10,122
considerable,12,107
prior,5,76
intellectual,12,134
assault,7,93
relax,5,60
stair,5,67
adventure,9,110
external,8,99
proof,5,70
confident,9,90
headquarters,12,137
sudden,6,67
dirty,5,76
violation,9,117
tongue,6,82
license,7,67
shelter,7,87
rub,3,41
controversy,11,174
entrance,8,80
properly,8,125
fade,4,16
defensive,9,89
tragedy,7,80
net,3,39
characterize,12,117
funeral,7,77
profession,10,136
alter,5,56
constitute,10,146
establishment,13,147
squeeze,7,98
imagination,11,112
mask,4,44
convert,7,97
comprehensive,13,152
prominent,9,124
presentation,12,156
regardless,10,108
load,4,32
stable,6,59
introduction,12,162
pretend,7,82
elderly,7,81
representation,14,179
deer,4,32
split,5,76
violate,7,84
partnership,11,144
pollution,9,134
emission,8,103
steady,6,74
vital,5,64
fate,4,32
earnings,8,87
oven,4,56
distinction,11,136
segment,7,83
nowhere,7,88
poet,4,56
mere,4,41
exciting,8,91
variation,9,109
comfort,7,90
radical,7,48
adapt,5,42
Irish,5,63
honey,5,67
correspondent,13,166
pale,4,34
musician,8,89
significance,12,99
vessel,6,82
storage,7,85
flee,4,28
mm-hmm,6,60
leather,7,69
distribute,10,127
evolution,9,133
ill,3,33
tribe,5,54
shelf,5,50
grandfather,11,102
lawn,4,50
buyer,5,71
dining,6,57
wisdom,6,83
council,7,77
vulnerable,10,112
instance,8,85
garlic,6,50
capability,10,98
poetry,6,99
celebrity,9,99
gradually,9,101
stability,9,117
fantasy,7,86
scared,6,50
plot,4,63
framework,9,110
gesture,7,95
depending,9,78
ongoing,7,81
psychology,10,145
counselor,9,122
chapter,7,71
divorce,7,76
owe,3,43
pipe,4,46
athletic,8,78
slight,6,75
math,4,42
shade,5,37
tail,4,42
sustain,7,103
mount,5,83
obligation,10,104
angle,5,39
palm,4,42
differ,6,48
custom,6,91
economist,9,113
fifteen,7,65
soup,4,71
celebration,11,104
efficient,9,77
composition,11,148
satisfy,7,99
pile,4,42
briefly,7,77
carbon,6,53
closer,6,72
consume,7,90
scheme,6,53
crack,5,36
frequency,9,114
tobacco,7,59
survivor,8,144
besides,7,63
psychologist,12,168
wealthy,7,94
galaxy,6,70
given,5,57
ski,3,39
limitation,10,122
trace,5,47
appointment,11,143
preference,10,95
meter,5,61
explosion,9,129
publicly,8,100
incredible,10,81
fighter,7,73
rapid,5,48
admission,9,103
hunter,6,86
educate,7,59
painful,7,79
friendship,10,108
aide,4,19
infant,6,64
calculate,9,78
fifty,5,66
rid,3,31
porch,5,60
tendency,8,90
uniform,7,96
formation,9,111
scholarship,11,128
reservation,11,146
efficiency,10,85
qualify,7,91
mall,4,38
derive,6,63
scandal,7,54
PC,2,19
helpful,7,80
impress,7,99
heel,4,30
resemble,8,79
privacy,7,94
fabric,6,39
contest,7,96
proportion,10,156
guideline,9,86
rifle,5,50
maintenance,11,99
conviction,10,124
trick,5,61
organic,7,67
tent,4,59
examination,11,125
publisher,9,110
strengthen,10,130
proposed,8,108
myth,4,66
sophisticated,13,148
cow,3,41
etc,3,28
standing,8,88
asleep,6,58
tennis,6,81
nerve,5,64
barrel,6,56
bombing,7,62
membership,10,108
ratio,5,63
menu,4,53
controversial,13,171
desperate,9,93
lifestyle,9,113
humor,5,75
loud,4,52
glove,5,61
sufficient,10,112
narrative,9,108
photographer,12,147
helicopter,10,111
modest,6,76
provider,8,107
delay,5,47
agricultural,12,143
explode,7,81
stroke,6,88
scope,5,58
punishment,10,139
handful,7,66
badly,5,44
horizon,7,105
curious,7,106
downtown,8,128
girlfriend,10,102
prompt,6,98
cholesterol,11,132
absorb,6,57
adjustment,10,127
taxpayer,8,110
eager,5,36
principal,9,98
detailed,8,60
motivation,10,138
assignment,10,121
restriction,11,150
laboratory,10,127
workshop,8,125
differently,11,124
auto,4,57
romantic,8,93
cotton,6,87
motor,5,81
sue,3,45
flavor,6,74
overlook,8,113
float,5,54
undergo,7,84
sequence,8,89
demonstration,13,167
jet,3,35
orange,6,60
consumption,11,159
assert,6,82
blade,5,24
temporary,9,131
medication,10,93
cabin,5,29
bite,4,36
edition,7,76
valley,6,77
yours,5,98
pitch,5,56
pine,4,44
brilliant,9,97
versus,6,104
manufacturing,13,148
absolute,8,95
chef,4,22
discrimination,14,157
offensive,9,101
boom,4,45
register,8,101
appoint,7,91
heritage,8,73
God,3,26
dominant,8,90
successfully,12,165
shit,4,56
lemon,5,59
hungry,6,93
wander,6,65
submit,6,84
economics,9,96
naked,5,35
anticipate,10,98
nut,3,55
legacy,6,53
extension,9,125
shrug,5,73
battery,7,91
arrival,7,81
legitimate,10,101
orientation,11,140
inflation,9,100
cope,4,39
flame,5,37
cluster,7,98
wound,5,77
dependent,9,87
shower,6,88
institutional,13,183
depict,6,57
operating,9,105
flesh,5,50
garage,6,39
operator,8,108
instructor,10,157
collapse,8,83
borrow,6,91
furthermore,11,147
comedy,6,65
mortgage,8,86
sanction,8,95
civilian,8,79
twelve,6,87
weekly,6,81
habitat,7,61
grain,5,49
brush,5,68
consciousness,13,175
devote,6,71
measurement,11,134
province,8,102
ease,4,30
seize,5,64
ethics,6,64
nomination,10,124
permission,10,137
wise,4,56
actress,7,85
summit,6,95
acid,4,17
odds,4,42
gifted,6,51
frustration,11,161
medium,6,65
physically,10,130
distinguish,11,139
shore,5,65
repeatedly,10,111
lung,4,54
running,7,97
distinct,8,98
artistic,8,99
discourse,9,113
basket,6,58
ah,2,9
fighting,8,80
impressive,10,135
competitor,10,134
ugly,4,65
worried,7,92
portray,7,113
powder,6,81
ghost,5,69
persuade,8,89
moderate,8,81
subsequent,10,143
continued,9,105
cookie,6,58
carrier,7,72
cooking,7,74
frequent,8,106
ban,3,17
awful,5,63
admire,6,50
pet,3,41
miracle,7,61
exceed,6,46
rhythm,6,92
widespread,10,104
killing,7,74
lovely,6,91
sin,3,42
charity,7,84
script,6,85
tactic,6,56
identification,14,138
transformation,14,183
everyday,8,105
headline,8,58
venture,7,105
invasion,8,103
nonetheless,11,136
adequate,8,74
piano,5,55
grocery,7,91
intensity,9,135
exhibit,7,77
blanket,7,65
margin,6,62
quarterback,11,117
mouse,5,73
rope,4,54
concrete,8,83
prescription,12,162
African-American,16,116
chase,5,36
brick,5,43
recruit,7,94
patch,5,48
consensus,9,129
horror,6,92
recording,9,93
changing,8,63
painter,7,83
colonial,8,81
pie,3,30
sake,4,36
gaze,4,39
courage,7,70
pregnancy,9,103
swear,5,66
defeat,6,41
clue,4,41
reinforce,9,93
confusion,9,116
slice,5,48
occupation,10,117
dear,4,28
coal,4,31
sacred,6,50
formula,7,86
cognitive,9,104
collective,10,106
exact,5,53
uncle,5,55
captain,7,64
sigh,4,43
attribute,9,116
dare,4,28
homeless,8,96
gallery,7,80
soccer,6,63
defendant,9,73
tunnel,6,86
fitness,7,92
lap,3,29
grave,5,53
toe,3,40
container,9,99
virtue,6,95
abroad,6,41
architect,9,87
dramatically,12,119
makeup,6,67
inquiry,7,113
rose,4,57
surprisingly,12,187
highlight,9,88
decrease,8,60
indication,10,98
rail,4,40
anniversary,11,146
couch,5,50
alliance,8,57
hypothesis,10,144
boyfriend,9,98
compose,7,86
mess,4,56
legend,6,47
regulate,8,89
adolescent,10,98
shine,5,55
norm,4,60
upset,5,81
remark,6,66
resign,6,72
reward,6,69
gentle,6,63
related,7,65
organ,5,55
lightly,7,93
concerning,10,102
invent,6,84
laughter,8,92
northwest,9,142
counseling,10,119
receiver,8,85
ritual,6,81
insect,6,70
interrupt,9,141
salmon,6,74
trading,7,73
magic,5,33
superior,8,121
combat,6,54
stem,4,57
surgeon,7,99
acceptable,10,68
physics,7,99
rape,4,40
counsel,7,89
jeans,5,49
hunt,4,63
continuous,10,151
log,3,34
echo,4,31
pill,4,49
excited,7,70
sculpture,9,135
compound,8,101
integrate,9,99
flour,5,72
bitter,6,74
bare,4,26
slope,5,67
rent,4,57
presidency,10,118
serving,7,94
subtle,6,79
greatly,7,88
bishop,6,69
drinking,8,86
acceptance,10,71
pump,4,66
candy,5,47
evil,4,48
pleased,7,62
medal,5,35
beg,3,14
sponsor,7,116
ethical,7,58
secondary,9,104
slam,4,45
export,6,98
experimental,12,142
melt,4,50
midnight,8,84
curve,5,69
integrity,9,127
entitle,7,85
evident,7,79
logic,5,46
essence,7,70
exclude,7,74
harsh,5,54
closet,6,74
suburban,8,98
greet,5,55
interior,8,108
corridor,8,100
retail,6,65
pitcher,7,79
march,5,43
snake,5,50
excuse,6,77
weakness,8,97
pig,3,32
classical,9,79
estimated,9,96
T-shirt,7,94
unemployment,12,173
civilization,12,149
fold,4,37
reverse,7,92
missing,7,90
correlation,11,130
humanity,8,111
flash,5,46
developer,9,102
reliable,8,64
excitement,10,118
beef,4,18
Islam,5,54
Roman,5,61
architecture,12,131
occasional,10,92
administrative,14,164
elbow,5,57
deadly,6,51
Hispanic,8,79
allegation,10,96
confuse,7,83
airplane,8,76
monthly,7,107
duck,4,39
dose,4,43
Korean,6,64
plead,5,38
initiate,8,87
lecture,7,84
van,3,37
sixth,5,80
bay,3,28
mainstream,10,113
suburb,6,83
sandwich,8,81
trunk,5,84
rumor,5,85
implementation,14,166
swallow,7,105
motivate,8,105
render,6,64
longtime,8,95
trap,4,55
restrict,8,112
cloth,5,58
seemingly,9,109
legislative,11,121
effectiveness,13,138
enforce,7,66
lens,4,50
inspector,9,119
lend,4,35
plain,5,52
fraud,5,50
companion,9,100
contend,7,75
nail,4,36
array,5,63
strict,6,89
assemble,8,76
frankly,7,87
rat,3,39
hay,3,34
hallway,7,82
cave,4,31
inevitable,10,99
southwest,9,150
monster,7,104
unexpected,10,117
obstacle,8,77
facilitate,10,86
rip,3,43
herb,4,33
overwhelming,12,151
integration,11,132
crystal,7,98
recession,9,107
written,7,109
motive,6,84
flood,5,52
pen,3,35
ownership,9,127
nightmare,9,95
inspection,10,124
supervisor,10,162
consult,7,104
arena,5,39
diagnosis,9,97
possession,10,150
forgive,7,82
consistently,12,175
basement,8,79
drift,5,57
drain,5,46
prosecution,11,155
maximum,7,94
announcement,12,139
warrior,7,102
prediction,10,113
bacteria,8,59
questionnaire,13,167
mud,3,38
infrastructure,14,193
hurry,5,90
privilege,9,103
temple,6,71
outdoor,7,108
suck,4,54
and/or,6,52
broadcast,9,83
re,2,23
leap,4,34
random,6,65
wrist,5,89
curtain,7,86
pond,4,49
domain,6,56
guilt,5,69
cattle,6,61
walking,7,77
playoff,7,81
minimum,7,92
fiscal,6,50
skirt,5,77
dump,4,54
hence,5,35
database,8,53
uncomfortable,13,145
execute,7,83
limb,4,36
ideology,8,92
tune,4,60
continuing,10,126
harm,4,40
railroad,8,78
endure,6,67
radiation,9,91
horn,4,55
chronic,7,70
peaceful,8,69
innovation,10,133
strain,6,81
guitar,6,76
replacement,11,112
behave,6,43
administer,10,112
simultaneously,14,206
dancer,6,45
amendment,9,89
pad,3,21
transmission,12,170
await,5,54
retired,7,79
trigger,7,84
spill,5,68
grateful,8,90
grace,5,34
virtual,7,103
colony,6,84
adoption,8,94
indigenous,10,117
closed,6,58
convict,7,86
towel,5,75
modify,6,72
particle,8,84
prize,5,74
landing,7,61
boost,5,71
bat,3,23
alarm,5,45
festival,8,94
grip,4,50
weird,5,59
undermine,9,103
freshman,8,84
sweat,5,68
outer,5,79
drunk,5,68
separation,10,118
traditionally,13,160
govern,6,81
southeast,9,128
intelligent,11,127
wherever,8,104
ballot,6,62
rhetoric,8,96
convinced,9,89
driving,7,83
vitamin,7,88
enthusiasm,10,129
accommodate,11,93
praise,6,68
injure,6,77
wilderness,10,128
endless,7,78
mandate,7,58
respectively,12,159
uncertainty,11,150
chaos,5,46
mechanical,10,69
canvas,6,60
forty,5,84
lobby,5,56
profound,8,109
format,6,73
trait,5,68
currency,8,107
turkey,6,100
reserve,7,92
beam,4,21
astronomer,10,138
corruption,10,149
contractor,10,127
apologize,9,106
doctrine,8,88
genuine,7,75
thumb,5,64
unity,5,89
compromise,10,126
horrible,8,87
behavioral,10,93
exclusive,9,120
scatter,7,86
commonly,8,110
convey,6,84
twist,5,91
complexity,10,142
fork,4,50
disk,4,43
relieve,7,76
suspicion,9,125
health-care,11,81
residence,9,82
shame,5,46
meaningful,10,102
sidewalk,8,84
Olympics,8,112
technological,13,124
signature,9,114
pleasant,8,88
wow,3,61
suspend,7,98
rebel,5,42
frozen,6,84
spouse,6,95
fluid,5,52
pension,7,92
resume,6,81
theoretical,11,116
sodium,6,81
promotion,9,135
delicate,8,59
forehead,8,62
rebuild,7,71
bounce,6,60
electrical,10,88
hook,4,49
detective,9,93
traveler,8,101
click,5,38
compensation,12,144
exit,4,58
attraction,10,121
dedicate,8,51
altogether,10,111
pickup,6,76
carve,5,49
needle,6,45
belly,5,56
scare,5,46
portfolio,9,126
shuttle,7,105
invisible,9,101
timing,6,72
engagement,10,91
ankle,5,43
transaction,11,134
rescue,6,71
counterpart,11,151
historically,12,151
firmly,6,83
mild,4,38
rider,5,54
doll,4,43
noon,4,58
amid,4,27
identical,9,77
precise,7,75
anxious,7,103
structural,10,153
residential,11,116
diagnose,8,74
carbohydrate,12,120
liberty,7,91
poster,6,93
theology,8,107
nonprofit,9,127
crawl,5,57
oxygen,6,90
handsome,8,79
sum,3,53
provided,8,93
businessman,11,136
promising,9,120
conscious,9,118
determination,13,147
donor,5,66
hers,4,50
pastor,6,89
jazz,4,63
opera,5,55
acquisition,11,137
pit,3,45
hug,3,36
wildlife,8,80
punish,6,87
equity,6,97
doorway,7,101
departure,9,108
elevator,8,98
teenage,7,57
guidance,8,64
happiness,9,107
statue,6,86
pursuit,7,124
repair,6,67
decent,6,51
gym,3,45
oral,4,46
clerk,5,49
envelope,8,94
reporting,9,122
destination,11,130
fist,4,54
endorse,7,80
exploration,11,149
generous,8,104
bath,4,31
thereby,7,83
indicator,9,93
sunlight,8,110
feedback,8,37
spectrum,8,115
purple,6,88
laser,5,55
bold,4,33
reluctant,9,114
starting,8,108
expertise,9,121
practically,11,120
eating,6,56
hint,4,51
sharply,7,99
parade,6,45
realm,5,49
cancel,6,38
blend,5,37
therapist,9,116
peel,4,38
pizza,5,78
recipient,9,99
hesitate,8,87
flip,4,43
accounting,10,107
bias,4,31
huh,3,37
metaphor,8,96
candle,6,39
judicial,8,69
entity,6,93
suffering,9,105
full-time,9,98
lamp,4,42
garbage,7,41
servant,7,99
regulatory,10,142
diplomatic,10,102
elegant,7,64
reception,9,105
vanish,6,73
automatically,13,153
chin,4,34
necessity,9,119
confess,7,81
racism,6,63
starter,7,101
banking,7,58
casual,6,57
gravity,7,102
enroll,6,76
diminish,8,85
prevention,10,138
minimize,8,98
chop,4,42
performer,9,114
intent,6,82
isolate,7,81
inventory,9,142
productive,10,133
assembly,8,96
civic,5,46
silk,4,51
magnitude,9,94
steep,5,65
hostage,7,75
collector,9,103
popularity,10,153
alien,5,41
dynamic,7,69
scary,5,66
equation,8,102
angel,5,39
offering,8,80
rage,4,31
photography,11,149
toilet,6,81
disappointed,12,132
precious,8,106
prohibit,8,97
realistic,9,96
hidden,6,44
tender,6,66
gathering,9,89
outstanding,11,144
stumble,7,92
lonely,6,83
automobile,10,113
artificial,10,88
dawn,4,42
abstract,8,84
descend,7,54
silly,5,77
tide,4,38
shared,6,55
hopefully,9,120
readily,7,74
cooperate,9,98
revolutionary,13,195
romance,7,69
hardware,8,78
pillow,6,87
kit,3,40
continent,9,114
seal,4,37
circuit,7,83
ruling,6,81
shortage,8,93
annually,8,100
lately,6,75
scan,4,37
fool,4,48
deadline,8,54
rear,4,42
processing,10,125
ranch,5,44
coastal,7,71
undertake,9,99
softly,6,97
burning,7,85
verbal,6,60
tribal,6,62
ridiculous,10,131
automatic,9,103
diamond,7,60
credibility,11,116
import,6,91
sexually,8,119
divine,6,63
sentiment,9,119
cart,4,42
oversee,7,89
o'clock,7,59
elder,5,44
pro,3,49
inspiration,11,144
Dutch,5,56
quantity,8,127
trailer,7,83
mate,4,39
Greek,5,46
genius,6,75
monument,8,115
bid,3,15
quest,5,82
sacrifice,9,73
invitation,10,133
accuracy,8,75
juror,5,82
officially,10,98
broker,6,69
treasure,8,107
loyalty,7,110
talented,8,81
gasoline,8,82
stiff,5,60
output,6,113
nominee,7,75
extended,8,81
diabetes,8,65
slap,4,48
toxic,5,71
alleged,7,46
jaw,3,34
grief,5,45
mysterious,10,164
rocket,6,72
donate,6,59
inmate,6,62
tackle,6,52
dynamics,8,88
bow,3,40
ours,4,73
dignity,7,88
carpet,6,63
parental,8,87
bubble,6,44
buddy,5,56
barn,4,35
sword,5,79
seventh,7,93
glory,5,77
tightly,7,101
protective,10,133
tuck,4,55
drum,4,56
faint,5,50
queen,5,62
dilemma,7,57
input,5,80
specialize,10,105
northeast,9,120
shallow,7,90
liability,9,99
sail,4,41
merchant,8,82
stadium,7,87
improved,8,102
bloody,6,73
associated,10,96
withdrawal,10,119
refrigerator,12,140
nest,4,58
thoroughly,10,149
lane,4,32
ancestor,8,95
condemn,7,68
steam,5,58
accent,6,46
optimistic,10,133
unite,5,69
cage,4,16
equip,5,68
shrimp,6,83
homeland,8,72
rack,4,33
costume,7,96
wolf,4,56
courtroom,9,138
statute,7,106
cartoon,7,86
productivity,12,182
grin,4,48
symbolic,8,98
bug,3,30
bless,5,57
aunt,4,56
agriculture,11,135
hostile,7,88
conceive,8,76
combined,8,65
instantly,9,134
bankruptcy,10,131
vaccine,7,57
bonus,5,71
collaboration,13,137
mixed,5,55
opposed,7,90
orbit,5,64
grasp,5,61
patience,8,73
spite,5,69
tropical,8,94
voting,6,87
patrol,6,82
willingness,11,143
revelation,10,121
calm,4,29
jewelry,7,98
Cuban,5,41
haul,4,42
concede,7,49
wagon,5,60
afterward,9,96
spectacular,11,119
ruin,4,62
sheer,5,55
immune,6,75
reliability,11,122
ass,3,39
alongside,9,86
bush,4,50
exotic,6,76
fascinating,11,103
clip,4,40
thigh,5,52
bull,4,47
drawer,6,69
sheep,5,53
discourage,10,102
coordinator,11,132
ideological,11,92
runner,6,90
secular,7,79
intimate,8,91
empire,6,66
cab,3,6
exam,4,43
documentary,11,139
neutral,7,91
biology,7,85
flexible,8,75
progressive,11,153
web,3,30
conspiracy,10,123
casualty,8,102
republic,8,86
execution,9,116
terrific,8,88
whale,5,49
functional,10,115
instinct,8,108
teammate,8,78
aluminum,8,104
whoever,7,96
ministry,8,127
verdict,7,81
instruct,8,124
skull,5,75
self-esteem,11,109
cooperative,11,129
manipulate,10,112
bee,3,12
practitioner,12,148
loop,4,58
edit,4,38
whip,4,56
puzzle,6,106
mushroom,8,122
subsidy,7,99
boil,4,38
tragic,6,58
mathematics,11,112
mechanic,8,56
jar,3,29
earthquake,10,107
pork,4,60
creativity,10,132
safely,6,68
underlying,10,129
dessert,7,90
sympathy,8,127
fisherman,9,93
incredibly,10,101
isolation,9,114
sock,4,48
eleven,6,63
sexy,4,73
entrepreneur,12,159
syndrome,8,113
bureau,6,68
workplace,9,104
ambition,8,83
touchdown,9,123
utilize,7,102
breeze,6,61
costly,6,94
ambitious,9,109
Christianity,12,155
presumably,10,132
influential,11,123
translation,11,143
uncertain,9,105
dissolve,8,105
statistical,11,133
gut,3,48
metropolitan,12,158
rolling,7,87
aesthetic,9,90
spell,5,64
insert,6,85
booth,5,60
helmet,6,63
waist,5,72
expected,8,82
lion,4,50
accomplishment,14,151
royal,5,71
panic,5,43
crush,5,69
actively,8,97
cliff,5,36
minimal,7,71
cord,4,40
fortunately,11,157
cocaine,7,50
illusion,8,111
anonymous,9,137
tolerate,8,96
appreciation,12,127
commissioner,12,152
flexibility,11,133
instructional,13,175
scramble,8,73
casino,6,61
tumor,5,87
decorate,8,71
pulse,5,73
equivalent,10,126
fixed,5,48
experienced,11,108
donation,8,92
diary,5,57
sibling,7,72
irony,5,81
spoon,5,79
midst,5,65
alley,5,55
interact,8,90
soap,4,51
cute,4,49
rival,5,62
short-term,10,136
punch,5,62
pin,3,39
hockey,6,67
passing,7,85
persist,7,106
supplier,8,116
known,5,77
momentum,8,114
purse,5,79
shed,4,36
liquid,6,72
icon,4,41
elephant,8,81
consequently,12,170
legislature,11,129
franchise,9,83
correctly,9,119
mentally,8,102
foster,6,83
bicycle,7,59
encouraging,11,114
cheat,5,37
heal,4,26
fever,5,56
filter,6,70
rabbit,6,52
coin,4,41
exploit,7,101
accessible,10,78
organism,8,96
sensation,9,116
partially,9,114
upstairs,8,123
dried,5,40
conservation,12,155
shove,5,69
backyard,8,65
charter,7,73
stove,5,81
consent,7,90
comprise,8,98
reminder,8,86
alike,5,38
placement,9,89
dough,5,55
grandchild,10,80
dam,3,18
reportedly,10,138
well-known,10,129
surrounding,11,160
ecological,10,82
outfit,6,91
unprecedented,13,134
columnist,9,126
workout,7,123
preliminary,11,140
patent,6,76
shy,3,52
trash,5,66
disabled,8,56
gross,5,78
damn,4,32
hormone,7,88
texture,7,113
pencil,6,59
frontier,8,105
spray,5,79
disclose,8,86
custody,7,107
banker,6,51
beast,5,47
interfere,9,100
oak,3,27
eighth,6,57
notebook,8,97
outline,7,96
attendance,10,87
speculation,11,135
uncover,7,98
behalf,6,34
innovative,10,131
shark,5,57
mill,4,46
installation,12,146
stimulate,9,120
tag,3,28
vertical,8,90
swimming,8,107
fleet,5,48
catalog,7,59
outsider,8,111
desperately,11,130
stance,6,62
compel,6,64
sensitivity,11,171
someday,7,82
instant,7,97
debut,5,52
proclaim,8,87
worldwide,9,113
hike,4,33
required,8,97
confrontation,13,164
colorful,8,102
constitution,12,179
trainer,7,85
Thanksgiving,12,141
scent,5,61
stack,5,54
eyebrow,7,93
sack,4,34
cease,5,33
inherit,7,83
tray,4,64
pioneer,7,82
organizational,14,162
textbook,8,112
uh,2,29
nasty,5,79
shrink,6,79
emerging,8,78
dot,3,39
wheat,5,57
fierce,6,46
envision,8,107
rational,8,90
kingdom,7,73
aisle,5,46
weaken,6,59
protocol,8,114
exclusively,11,157
vocal,5,53
marketplace,11,105
openly,6,87
unfair,6,69
terrain,7,85
deploy,6,77
risky,5,82
pasta,5,57
genre,5,49
distract,8,94
merit,5,65
planner,7,80
depressed,9,95
chunk,5,57
closest,7,93
discount,8,105
ladder,6,44
jungle,6,69
migration,9,106
breathing,9,84
invade,6,55
hurricane,9,97
retailer,8,88
classify,8,94
coup,4,55
ambassador,10,93
density,7,96
supportive,10,161
curiosity,9,139
skip,4,55
aggression,10,114
stimulus,8,134
journalism,10,132
robot,5,70
dip,3,29
likewise,8,93
informal,8,88
Persian,7,82
feather,7,63
sphere,6,71
tighten,7,83
boast,5,57
pat,3,37
perceived,9,87
sole,4,51
publicity,9,117
unfold,6,72
well-being,10,89
validity,8,102
ecosystem,9,124
strictly,8,126
partial,7,77
collar,6,61
weed,4,37
compliance,10,91
streak,6,74
supposedly,10,152
added,5,18
builder,7,71
glimpse,7,81
premise,7,85
specialty,9,110
deem,4,27
artifact,8,78
sneak,5,50
monkey,6,83
mentor,6,85
two-thirds,10,136
listener,8,102
lightning,9,100
legally,7,74
sleeve,6,68
disappointment,14,175
disturb,7,93
rib,3,29
excessive,9,111
high-tech,9,68
debris,6,57
rod,3,37
logical,7,59
ash,3,28
socially,8,96
parish,6,71
slavery,7,102
blank,5,40
commodity,9,117
cure,4,47
mineral,7,72
hunger,6,73
dying,5,59
developmental,13,144
faster,6,69
spare,5,59
halfway,7,76
equality,8,110
cemetery,8,94
harassment,10,118
deliberately,12,118
fame,4,25
regret,6,73
striking,8,107
likelihood,10,100
carrot,6,75
atop,4,52
toll,4,59
rim,3,40
embarrassed,11,105
fucking,7,71
cling,5,45
isolated,8,85
blink,5,48
suspicious,10,151
wheelchair,10,92
squad,5,62
eligible,8,61
processor,9,128
plunge,6,75
demographic,11,99
chill,5,44
refuge,6,62
steer,5,67
legislator,10,118
rally,5,68
programming,11,131
cheer,5,39
outlet,6,93
intact,6,67
vendor,6,78
thrive,6,82
peanut,6,77
chew,4,39
elaborate,9,79
conception,10,114
auction,7,83
steak,5,56
comply,6,84
triumph,7,105
shareholder,11,113
comparable,10,86
transport,9,141
conscience,10,90
calculation,11,111
considerably,12,127
interval,8,101
scratch,7,72
awake,5,41
jurisdiction,12,151
inevitably,10,119
feminist,8,95
constraint,10,133
emotionally,11,141
expedition,10,121
allegedly,9,83
similarity,10,135
butt,4,63
lid,3,25
dumb,4,40
bulk,4,46
sprinkle,8,104
mortality,9,133
philosophical,13,143
conversion,10,134
patron,6,84
municipal,9,98
liver,5,66
harmony,7,94
solely,6,88
tolerance,9,93
goat,4,43
blessing,8,87
banana,6,33
palace,6,38
formerly,8,112
peasant,7,76
neat,4,40
grandparent,11,118
lawmaker,8,84
supermarket,11,147
cruise,6,75
mobile,6,56
calendar,8,58
widow,5,74
deposit,7,88
beard,5,30
brake,5,37
screening,9,94
impulse,7,95
forbid,6,54
fur,3,45
brutal,6,74
predator,8,97
poke,4,47
opt,3,51
voluntary,9,148
valid,5,48
forum,5,73
dancing,7,52
happily,7,87
soar,4,53
removal,7,86
autonomy,8,124
enact,5,43
thread,6,56
landmark,8,74
unhappy,7,101
offender,8,73
coming,6,61
privately,9,128
fraction,8,86
distinctive,11,134
tourism,7,115
threshold,9,109
routinely,9,139
suite,5,74
regulator,9,117
straw,5,81
theological,11,107
exhaust,7,98
globe,5,41
fragile,7,58
objection,9,93
chemistry,9,120
old-fashioned,13,112
crowded,7,72
blast,5,54
prevail,7,83
overnight,9,118
denial,6,45
rental,6,70
fantastic,9,93
fragment,8,84
screw,5,68
warmth,6,83
undergraduate,13,139
headache,8,35
policeman,9,88
projection,10,125
suitable,8,89
graduation,10,110
drill,5,55
cruel,5,59
mansion,7,85
grape,5,47
authorize,9,123
cottage,7,71
driveway,8,107
charm,5,43
sexuality,9,136
loyal,5,65
clay,4,41
balloon,7,71
invention,9,122
ego,3,27
fare,4,30
homework,8,108
disc,4,35
sofa,4,41
availability,12,123
radar,5,42
frown,5,76
regain,6,54
sweater,7,91
rehabilitation,14,143
rubber,6,66
retreat,7,87
molecule,8,86
freely,6,71
favorable,9,82
steadily,8,95
integrated,10,103
ha,2,9
youngster,9,144
premium,7,95
accountability,14,155
overwhelm,9,121
one-third,9,93
contemplate,11,124
update,6,67
spark,5,65
ironically,10,118
fatigue,7,69
speculate,9,102
marker,6,66
preach,6,51
bucket,6,62
blond,5,47
confession,10,119
provoke,7,102
marble,6,51
substantially,13,175
defender,8,61
explicit,8,98
disturbing,10,123
surveillance,12,141
magnetic,8,72
technician,10,86
mutter,6,97
devastating,11,122
depart,6,64
arrow,5,75
trauma,6,74
neighboring,11,108
soak,4,46
ribbon,6,60
meantime,8,80
transmit,8,114
harvest,7,93
consecutive,11,136
coordinate,10,104
spy,3,60
slot,4,66
riot,4,62
nutrient,8,121
citizenship,11,138
severely,8,111
sovereignty,11,159
ridge,5,43
brave,5,48
lighting,8,86
specify,7,83
contributor,11,155
frustrate,9,128
articulate,10,110
importantly,11,163
transit,7,101
dense,5,47
seminar,7,79
electronics,11,123
sunny,5,93
shorts,6,99
swell,5,71
accusation,10,106
soften,6,79
straighten,10,121
terribly,8,109
cue,3,29
bride,5,38
biography,9,101
hazard,6,58
compelling,10,106
seldom,6,68
tile,4,46
economically,12,127
honestly,8,118
troubled,8,97
twentieth,9,124
balanced,8,42
foreigner,9,97
convenience,11,109
delight,7,65
weave,5,56
timber,6,67
till,4,53
accurately,10,109
plea,4,34
bulb,4,37
flying,6,73
sustainable,11,123
devil,5,52
bolt,4,49
cargo,5,44
spine,5,63
seller,6,71
skilled,7,72
managing,8,66
marine,6,60
dock,4,33
organized,9,99
fog,3,28
diplomat,8,90
boring,6,65
sometime,8,99
summary,7,110
missionary,10,142
epidemic,8,64
fatal,5,40
trim,4,60
warehouse,9,115
accelerate,10,73
butterfly,9,129
bronze,6,80
drown,5,74
inherent,8,93
nationwide,10,114
spit,4,64
kneel,5,47
vacuum,6,81
selected,8,73
dictate,7,62
